epoch,time,train/box_loss,train/pose_loss,train/kobj_loss,train/cls_loss,train/dfl_loss,metrics/precision(B),metrics/recall(B),metrics/mAP50(B),metrics/mAP50-95(B),metrics/precision(P),metrics/recall(P),metrics/mAP50(P),metrics/mAP50-95(P),val/box_loss,val/pose_loss,val/kobj_loss,val/cls_loss,val/dfl_loss,lr/pg0,lr/pg1,lr/pg2
1,70.0803,3.01914,8.82799,0.70542,6.00392,3.01518,0.05374,0.38462,0.04988,0.01267,0,0,0,0,2.90447,8.94609,0.69386,5.01714,2.92277,0.00022,0.00022,0.00022
2,140.956,1.9402,8.39749,0.70841,2.13028,1.97139,0.6163,0.30769,0.36765,0.11153,0,0,0,0,2.36471,8.71358,0.69872,3.24534,2.73322,0.000457723,0.000457723,0.000457723
3,200.067,1.66147,7.05882,0.74204,1.63178,1.76367,0.31721,0.4827,0.26098,0.07771,0,0,0,0,2.3705,8.54907,0.75903,2.04364,3.33617,0.00069307,0.00069307,0.00069307
4,259.104,1.47308,6.72302,0.79242,1.28011,1.57201,0.77095,0.65385,0.67091,0.23987,0,0,0,0,2.06737,7.90395,0.83066,1.55633,2.68682,0.000926041,0.000926041,0.000926041
5,318.008,1.51921,6.41232,0.8398,1.18978,1.59851,0.69175,0.88462,0.80218,0.33216,0,0,0,0,2.05963,8.00038,0.77113,1.22635,2.6377,0.00115664,0.00115664,0.00115664
6,374.856,1.51716,6.50002,0.81225,1.22004,1.7091,0.79198,0.80769,0.89991,0.51986,0.03566,0.03846,0.00271,0.00027,1.39667,7.25156,0.92775,1.02511,2.11807,0.00138485,0.00138485,0.00138485
7,436.021,1.3747,5.85628,0.84668,1.10153,1.47047,0.6886,0.80769,0.75436,0.38597,0,0,0,0,1.65725,7.39833,0.88721,1.83169,2.04737,0.0016107,0.0016107,0.0016107
8,494.181,1.51292,5.97096,0.83219,1.29765,1.60499,0.52431,0.67854,0.65593,0.3105,0.08072,0.03846,0.00694,0.00207,1.96169,7.26875,0.81958,1.63909,2.30717,0.00183416,0.00183416,0.00183416
9,557.139,1.42517,5.56975,0.80297,1.02053,1.5286,0.76661,0.57692,0.61595,0.31893,0.04054,0.11538,0.00724,0.00205,2.1625,6.77369,0.86048,1.52656,2.46981,0.0019208,0.0019208,0.0019208
10,622.997,1.42549,5.36419,0.78025,1.05882,1.66363,0.90574,0.57692,0.66964,0.36837,0.30515,0.15385,0.06971,0.01193,1.92838,6.32903,0.98772,1.85264,2.30283,0.0019109,0.0019109,0.0019109
11,719.53,1.37987,5.18094,0.78084,1.07562,1.50479,0.87977,0.76923,0.89293,0.51949,0.17748,0.07692,0.02157,0.00216,1.55068,6.53396,0.8419,1.11488,1.91252,0.001901,0.001901,0.001901
12,836.126,1.24508,5.05303,0.77844,0.95987,1.37189,0.95651,0.84585,0.95378,0.53946,0.17444,0.23077,0.08333,0.01259,1.69206,5.82524,0.88911,1.08431,2.02622,0.0018911,0.0018911,0.0018911
13,943.49,1.31315,4.88356,0.78948,0.9473,1.42507,0.95201,0.76322,0.92278,0.52913,0.53585,0.46154,0.37524,0.0751,1.48388,5.86175,0.84035,1.09521,1.90145,0.0018812,0.0018812,0.0018812
14,1052.06,1.15479,4.65929,0.74929,0.86623,1.33372,0.89175,0.73077,0.78254,0.40873,0.57725,0.42308,0.34216,0.08257,1.91594,6.08391,0.8432,1.47943,2.21038,0.0018713,0.0018713,0.0018713
15,1155.97,1.27451,4.71948,0.74303,0.94605,1.44616,0.8473,0.73077,0.74575,0.41374,0.75738,0.46154,0.45777,0.11073,1.79205,5.38431,0.82512,1.39889,2.27188,0.0018614,0.0018614,0.0018614
16,1259.42,1.13609,4.34111,0.75196,0.89038,1.31822,0.79784,0.76923,0.77938,0.432,0.56976,0.45854,0.36409,0.07684,1.68204,5.25475,0.81994,1.34837,2.01387,0.0018515,0.0018515,0.0018515
17,1374.21,1.11946,4.07329,0.73845,0.88694,1.34086,0.86627,0.99668,0.96951,0.67316,0.8324,0.76427,0.74406,0.32217,1.15499,3.48379,0.84588,0.96314,1.83092,0.0018416,0.0018416,0.0018416
18,1481.13,1.1725,4.13788,0.73209,0.85455,1.3812,0.95789,0.8753,0.96834,0.66967,0.83166,0.76034,0.79704,0.27878,1.09598,3.61045,0.83734,0.85181,1.69166,0.0018317,0.0018317,0.0018317
19,1582.23,1.22164,3.55721,0.72528,0.81873,1.41797,0.86714,0.73077,0.88772,0.54728,0.763,0.76923,0.77526,0.36583,1.437,3.85226,0.71936,1.23264,1.86117,0.0018218,0.0018218,0.0018218
20,1684.39,1.14695,3.67881,0.69612,0.80931,1.36798,0.83153,0.75964,0.84985,0.47682,0.83153,0.75964,0.77629,0.37296,1.48711,4.0635,0.67459,1.30237,1.95641,0.0018119,0.0018119,0.0018119
21,1786.4,1.10393,3.69758,0.68032,0.79896,1.38888,0.84705,0.69231,0.8197,0.47539,0.87161,0.57692,0.60604,0.27991,1.63562,4.76085,0.61413,1.60282,2.02917,0.001802,0.001802,0.001802
22,1888.03,1.22019,3.39533,0.67857,0.82797,1.33366,0.89357,0.73077,0.81771,0.48139,0.79904,0.65385,0.65519,0.28893,1.55669,4.15078,0.61289,1.30666,1.85792,0.0017921,0.0017921,0.0017921
23,1996.27,1.11791,3.29527,0.67601,0.77943,1.33828,0.95639,0.84615,0.88942,0.54202,0.91014,0.80769,0.80412,0.39606,1.35589,3.35278,0.5897,0.98387,1.60363,0.0017822,0.0017822,0.0017822
24,2101.38,1.07974,3.26474,0.65654,0.77803,1.29217,0.9003,0.88462,0.92794,0.63852,0.86048,0.84615,0.8378,0.45415,1.19518,3.13714,0.54989,0.88178,1.45708,0.0017723,0.0017723,0.0017723
25,2205.1,1.14575,3.25685,0.65002,0.89117,1.29325,0.92421,1,0.96907,0.72292,0.78157,0.84615,0.79206,0.4467,1.02866,2.34077,0.52204,0.69786,1.35467,0.0017624,0.0017624,0.0017624
26,2308.77,1.13074,2.73682,0.63739,0.78943,1.30021,0.95168,1,0.97537,0.74686,0.81248,0.84615,0.76217,0.38086,1.05033,2.55062,0.51461,0.7117,1.39224,0.0017525,0.0017525,0.0017525
27,2408.78,1.00344,3.27934,0.61742,0.71241,1.27001,0.95475,0.92308,0.94993,0.66119,0.83225,0.80769,0.7077,0.4084,1.15032,2.65194,0.4978,0.8093,1.52611,0.0017426,0.0017426,0.0017426
28,2517.67,1.05719,2.98024,0.61322,0.77057,1.27788,0.92231,0.92308,0.94659,0.62552,0.80093,0.80769,0.7202,0.39393,1.28962,2.5405,0.48721,0.90533,1.59385,0.0017327,0.0017327,0.0017327
29,2621.6,1.02949,2.85325,0.59591,0.73796,1.25839,0.9184,0.73077,0.83775,0.5589,0.86484,0.69231,0.74306,0.32804,1.41364,3.77217,0.49538,1.14903,1.66768,0.0017228,0.0017228,0.0017228
30,2721.11,0.9833,2.94807,0.61866,0.6798,1.17725,0.79711,0.76923,0.73773,0.50587,0.81117,0.66115,0.68862,0.29731,1.37636,4.04742,0.50037,1.32286,1.66675,0.0017129,0.0017129,0.0017129
31,2820.31,1.05055,2.78212,0.5918,0.74505,1.25569,0.94728,0.84615,0.92065,0.63166,0.90317,0.80769,0.84666,0.46724,1.10048,2.52905,0.44304,0.84167,1.45577,0.001703,0.001703,0.001703
32,2919.59,1.0211,2.7308,0.60666,0.72183,1.28612,0.93166,0.92308,0.95552,0.64552,0.90321,0.80769,0.88265,0.52976,1.09963,2.37371,0.42115,0.7382,1.4285,0.0016931,0.0016931,0.0016931
33,3019.3,1.00784,2.60781,0.59771,0.73358,1.25187,0.95984,0.91943,0.9446,0.64675,0.87996,0.84587,0.83109,0.51492,1.10288,2.28387,0.40192,0.79307,1.48335,0.0016832,0.0016832,0.0016832
34,3130.99,1.06318,2.44742,0.5871,0.72485,1.28301,0.95705,0.92308,0.94519,0.68685,0.95705,0.92308,0.92005,0.54278,1.0246,2.17403,0.40073,0.74512,1.42278,0.0016733,0.0016733,0.0016733
35,3236.97,1.02668,2.42859,0.55599,0.73994,1.24669,0.95475,0.92308,0.94123,0.68983,0.91475,0.88462,0.85949,0.51041,1.00135,2.30631,0.41238,0.79932,1.38436,0.0016634,0.0016634,0.0016634
36,3337.56,0.94622,2.29414,0.56667,0.72657,1.20824,0.95445,0.92308,0.94815,0.71224,0.9143,0.88462,0.88341,0.48078,1.00927,2.32396,0.41476,0.81176,1.37139,0.0016535,0.0016535,0.0016535
37,3438.55,1.02885,2.73702,0.60491,0.75379,1.26252,0.92211,0.91103,0.96075,0.62943,0.76738,0.76152,0.74273,0.32378,1.3427,2.87005,0.38641,0.81661,1.50095,0.0016436,0.0016436,0.0016436
38,3544.05,1.02771,2.60559,0.57376,0.74972,1.25434,0.89162,0.94951,0.97169,0.65105,0.71112,0.75772,0.69296,0.3361,1.31758,2.86393,0.38657,0.8233,1.50184,0.0016337,0.0016337,0.0016337
39,3645.71,1.01724,2.52001,0.55055,0.72746,1.27923,0.91327,0.92308,0.95705,0.70537,0.91327,0.92308,0.94317,0.59202,1.03246,1.91984,0.37984,0.76697,1.45003,0.0016238,0.0016238,0.0016238
40,3750.12,1.03474,2.54306,0.57881,0.69163,1.26172,0.95897,0.92308,0.93358,0.69835,0.83685,0.80769,0.80874,0.56193,1.06082,2.1905,0.37334,0.87599,1.39192,0.0016139,0.0016139,0.0016139
41,3850.3,1.03613,2.2169,0.56729,0.72071,1.26346,0.95973,0.91694,0.91487,0.64551,0.91947,0.87848,0.89261,0.58739,1.10294,2.52086,0.38614,1.01198,1.43907,0.001604,0.001604,0.001604
42,3949.26,1.04563,2.10622,0.57457,0.73013,1.28593,0.95995,0.92185,0.91846,0.65239,0.91993,0.88381,0.90383,0.59511,1.08535,2.47172,0.3757,0.93655,1.47706,0.0015941,0.0015941,0.0015941
43,4056.41,0.93266,2.30267,0.56455,0.67886,1.18949,0.82473,0.92308,0.9111,0.62659,0.93998,0.60283,0.75166,0.4915,1.2178,3.09309,0.38094,0.95534,1.52908,0.0015842,0.0015842,0.0015842
44,4157.22,0.96315,2.52227,0.57108,0.72804,1.25063,0.95798,0.87713,0.93268,0.6179,0.79003,0.72383,0.71134,0.46421,1.28403,2.88855,0.37136,0.91967,1.60066,0.0015743,0.0015743,0.0015743
45,4260.03,0.94919,2.03603,0.5489,0.6804,1.19542,0.91304,0.88462,0.91953,0.6199,0.87314,0.84615,0.86625,0.55011,1.14606,2.21986,0.35643,0.89358,1.53543,0.0015644,0.0015644,0.0015644
46,4365.57,0.97548,2.03227,0.53455,0.66868,1.16916,0.87804,0.88462,0.90808,0.60734,0.80102,0.80769,0.76001,0.53545,1.12888,2.21754,0.36959,0.87481,1.49502,0.0015545,0.0015545,0.0015545
47,4464.8,0.93542,2.21992,0.54393,0.66272,1.2009,0.95805,0.87866,0.9228,0.65801,0.91624,0.84158,0.85393,0.59707,1.08553,2.08505,0.36437,0.87343,1.4193,0.0015446,0.0015446,0.0015446
48,4565.74,1.00885,2.10391,0.53983,0.66972,1.18756,0.9496,0.92308,0.92996,0.67409,0.90981,0.88462,0.88833,0.61264,1.07584,2.02025,0.36462,0.8033,1.39334,0.0015347,0.0015347,0.0015347
49,4668.76,1.026,2.25386,0.55325,0.72056,1.26633,0.95981,0.91877,0.95278,0.69985,0.91968,0.88092,0.91723,0.6285,1.03015,2.06153,0.37623,0.77364,1.32765,0.0015248,0.0015248,0.0015248
50,4770.32,0.9497,2.31509,0.54921,0.6742,1.18872,0.92936,0.88462,0.95331,0.70504,0.95812,0.88015,0.92696,0.58224,0.94362,2.10741,0.38854,0.76336,1.2953,0.0015149,0.0015149,0.0015149
51,4870.18,0.9159,2.1145,0.52629,0.63792,1.19159,0.92116,0.92308,0.96234,0.69583,0.94025,0.84615,0.94228,0.62497,1.11326,1.7846,0.3694,0.7509,1.50811,0.001505,0.001505,0.001505
52,4981.79,0.9224,2.0326,0.53698,0.64148,1.13306,0.86617,0.99581,0.97134,0.7324,0.94776,0.88462,0.9471,0.59869,1.01697,1.65303,0.35771,0.70476,1.39051,0.0014951,0.0014951,0.0014951
53,5065.04,0.92544,2.12164,0.54835,0.63978,1.21949,0.95287,0.92308,0.97428,0.69447,0.95287,0.92308,0.9541,0.57206,1.04076,1.80137,0.34689,0.6926,1.41872,0.0014852,0.0014852,0.0014852
54,5126.37,0.93494,1.94028,0.52462,0.65002,1.18034,0.95992,0.92125,0.97291,0.67738,0.95992,0.92125,0.94823,0.56131,1.02091,1.85078,0.34756,0.6881,1.36421,0.0014753,0.0014753,0.0014753
55,5178.97,0.9707,1.87764,0.53295,0.63614,1.22709,0.94129,0.88462,0.95986,0.64195,0.94129,0.88462,0.94154,0.60815,1.01165,1.74086,0.34326,0.75813,1.34099,0.0014654,0.0014654,0.0014654
56,5232.31,1.02732,2.17479,0.56168,0.662,1.21769,0.91902,0.92308,0.96764,0.69688,0.88035,0.88462,0.92624,0.58884,1.02255,1.70728,0.34189,0.73576,1.37067,0.0014555,0.0014555,0.0014555
57,5284.9,0.9419,1.77455,0.53301,0.64214,1.22656,0.92205,0.91025,0.96125,0.70143,0.92205,0.91025,0.9394,0.62997,0.99458,1.73442,0.355,0.73267,1.33863,0.0014456,0.0014456,0.0014456
58,5338.23,0.84097,1.97478,0.52448,0.61231,1.16768,0.95972,0.91665,0.95931,0.68623,0.95972,0.91665,0.9281,0.58502,1.08161,1.96402,0.37223,0.80595,1.4129,0.0014357,0.0014357,0.0014357
59,5391.38,0.89076,1.98894,0.54642,0.66109,1.20112,0.95387,0.92308,0.97466,0.72083,0.95387,0.92308,0.92381,0.51232,1.04966,2.01759,0.38678,0.67961,1.39372,0.0014258,0.0014258,0.0014258
60,5445.45,0.88176,1.94042,0.51936,0.62038,1.16018,0.92572,0.95874,0.98007,0.72745,0.92572,0.95874,0.98007,0.52933,1.03606,1.9739,0.38309,0.61856,1.37407,0.0014159,0.0014159,0.0014159
61,5500.09,0.91217,1.8362,0.49798,0.59892,1.20602,0.92576,0.95925,0.97915,0.71605,0.92576,0.95925,0.96445,0.65377,1.02008,1.76492,0.3717,0.68093,1.30872,0.001406,0.001406,0.001406
62,5554.34,0.94202,2.09149,0.52796,0.65503,1.20076,0.917,0.92308,0.9743,0.72569,0.87879,0.88462,0.95406,0.62909,1.00297,1.82495,0.37062,0.67647,1.28729,0.0013961,0.0013961,0.0013961
63,5608.9,0.9048,2.06805,0.52107,0.64092,1.16067,0.95634,0.92308,0.96058,0.69622,0.91638,0.88462,0.86559,0.58055,0.98306,1.88666,0.38153,0.78213,1.29499,0.0013862,0.0013862,0.0013862
64,5664.28,0.94631,1.88655,0.49483,0.63871,1.15316,0.95259,0.92308,0.95504,0.68906,0.91248,0.88462,0.85411,0.60021,0.98145,1.84803,0.38601,0.7652,1.33645,0.0013763,0.0013763,0.0013763
65,5719.56,0.96367,1.98566,0.50426,0.63592,1.21793,0.95657,0.92308,0.93382,0.66798,0.91628,0.88462,0.84779,0.54789,1.05067,2.04923,0.39659,0.78153,1.39775,0.0013664,0.0013664,0.0013664
66,5774.22,0.88824,1.83892,0.50781,0.5891,1.16292,0.95614,0.92308,0.92584,0.68998,0.9162,0.88462,0.84426,0.55309,0.99261,2.20817,0.40065,0.82578,1.3549,0.0013565,0.0013565,0.0013565
67,5830.06,0.89253,1.70164,0.48449,0.59574,1.14491,0.91755,0.92308,0.92248,0.70064,0.83987,0.84615,0.83973,0.58016,1.00938,2.38497,0.39323,0.85324,1.37093,0.0013466,0.0013466,0.0013466
68,5887.55,0.89378,2.14821,0.5316,0.68104,1.18657,0.95827,0.88332,0.9348,0.68466,0.87496,0.80738,0.85931,0.57345,1.04043,2.25313,0.37983,0.87427,1.39286,0.0013367,0.0013367,0.0013367
69,5948.82,0.93883,2.00144,0.5028,0.66547,1.22881,0.86351,0.97363,0.96255,0.72708,0.86351,0.97363,0.96255,0.60973,0.9551,1.70009,0.34712,0.67724,1.29774,0.0013268,0.0013268,0.0013268
70,6009.72,0.85407,1.85503,0.49232,0.5604,1.11976,0.88064,1,0.96495,0.7412,0.88988,1,0.96916,0.65118,0.9319,1.64186,0.34743,0.61447,1.27672,0.0013169,0.0013169,0.0013169
71,6071.88,0.81013,1.75834,0.48353,0.55017,1.10176,0.86415,0.97895,0.96557,0.72177,0.8914,0.94737,0.94531,0.65145,1.03265,1.66243,0.3552,0.65929,1.38706,0.001307,0.001307,0.001307
72,6137.28,0.89564,1.59888,0.51635,0.5478,1.14304,0.92265,0.91771,0.96829,0.71285,0.92265,0.91771,0.96829,0.63724,1.02802,1.73572,0.35377,0.68838,1.3844,0.0012971,0.0012971,0.0012971
73,6200.27,0.87605,1.71261,0.49068,0.59341,1.12149,0.92294,0.92142,0.96671,0.71336,0.92294,0.92142,0.95381,0.63438,1.02788,1.7656,0.35852,0.66559,1.31485,0.0012872,0.0012872,0.0012872
74,6262.82,0.84681,1.68901,0.50076,0.5486,1.14618,0.92098,0.92308,0.96879,0.70769,0.92098,0.92308,0.96879,0.63542,1.0223,1.66455,0.35957,0.68348,1.33675,0.0012773,0.0012773,0.0012773
75,6325.46,0.85413,1.68284,0.48335,0.55501,1.13856,0.94705,0.88462,0.96431,0.7209,0.94705,0.88462,0.94942,0.62628,1.06894,1.6362,0.35519,0.74964,1.37723,0.0012674,0.0012674,0.0012674
76,6386.67,0.86654,1.69116,0.49352,0.59295,1.14225,0.86117,0.9545,0.96249,0.73928,0.86117,0.9545,0.96249,0.64473,0.95073,1.55022,0.35837,0.69657,1.29163,0.0012575,0.0012575,0.0012575
77,6448.76,0.95314,1.64187,0.47061,0.5853,1.16394,0.79588,0.90009,0.93004,0.70027,0.79588,0.90009,0.92125,0.58727,0.94698,1.844,0.39201,0.8379,1.30941,0.0012476,0.0012476,0.0012476
78,6511.33,0.82148,1.55856,0.44641,0.58068,1.14257,0.78744,0.92308,0.93223,0.70947,0.88609,0.80769,0.92607,0.62331,0.93919,1.80438,0.38994,0.85481,1.28965,0.0012377,0.0012377,0.0012377
79,6573.36,0.8228,1.93894,0.4953,0.61538,1.14279,0.86018,0.96154,0.94742,0.71644,0.81341,0.88462,0.9064,0.60999,0.99798,1.82569,0.3896,0.71997,1.28272,0.0012278,0.0012278,0.0012278
80,6635.38,0.85213,1.92594,0.48349,0.5962,1.14147,0.92172,0.96154,0.96498,0.7141,0.86077,0.88462,0.92617,0.59602,1.07711,1.78589,0.38614,0.62046,1.32195,0.0012179,0.0012179,0.0012179
81,6699.41,0.84545,1.96809,0.49861,0.5718,1.12663,0.89095,0.94307,0.96715,0.70725,0.85483,0.9063,0.9296,0.64294,1.04535,1.59489,0.36765,0.641,1.3316,0.001208,0.001208,0.001208
82,6764.35,0.84691,1.68581,0.47481,0.54316,1.09931,0.83095,1,0.96067,0.71259,0.7983,0.96154,0.92528,0.64439,1.04982,1.50441,0.34656,0.6367,1.32711,0.0011981,0.0011981,0.0011981
83,6826.93,0.80241,1.70854,0.45061,0.55631,1.09108,0.83836,1,0.9535,0.72316,0.80496,0.96154,0.94525,0.65206,1.02087,1.4142,0.33408,0.6425,1.26337,0.0011882,0.0011882,0.0011882
84,6891.32,0.89277,1.84969,0.46153,0.591,1.15518,0.85146,0.96154,0.95529,0.68188,0.85146,0.96154,0.95529,0.6499,1.07929,1.37921,0.33291,0.68052,1.27774,0.0011783,0.0011783,0.0011783
85,6955.22,0.87702,1.91332,0.45166,0.60179,1.13887,0.89606,0.99486,0.96488,0.71446,0.86147,0.95686,0.90025,0.59652,1.01174,1.65939,0.34508,0.63589,1.24784,0.0011684,0.0011684,0.0011684
86,7018.46,0.82994,1.61754,0.47345,0.56254,1.11173,0.89577,0.99189,0.97297,0.7352,0.86118,0.95462,0.9105,0.60007,1.01801,1.72811,0.34602,0.67983,1.27993,0.0011585,0.0011585,0.0011585
87,7081.78,0.81019,1.93185,0.47791,0.5668,1.13338,0.92799,0.99154,0.98429,0.76465,0.92799,0.99154,0.98429,0.68558,0.93566,1.48298,0.35531,0.66197,1.22131,0.0011486,0.0011486,0.0011486
88,7145.43,0.75749,1.61491,0.45032,0.51417,1.08778,0.92749,0.98425,0.9868,0.75683,0.92749,0.98425,0.9868,0.67054,0.93217,1.49665,0.36203,0.62159,1.25009,0.0011387,0.0011387,0.0011387
89,7208.4,0.80971,1.58873,0.46364,0.51931,1.10352,0.92793,0.99071,0.9884,0.7586,0.92793,0.99071,0.9884,0.61335,0.94561,1.60864,0.37566,0.57834,1.30308,0.0011288,0.0011288,0.0011288
90,7272.02,0.84656,1.75131,0.44036,0.5597,1.15341,0.92813,0.9936,0.98824,0.72788,0.89223,0.95544,0.94713,0.64153,0.98093,1.59268,0.3649,0.58337,1.30049,0.0011189,0.0011189,0.0011189
91,7337.46,0.84581,1.79447,0.4675,0.52657,1.1246,0.95716,0.92308,0.97721,0.72114,0.95716,0.92308,0.97336,0.63885,1.05004,1.64504,0.35405,0.65202,1.32921,0.001109,0.001109,0.001109
92,7400.14,0.7986,1.66946,0.48444,0.50967,1.09475,0.95628,0.92308,0.97108,0.7426,0.95628,0.92308,0.94176,0.64597,1.01199,1.69222,0.35339,0.69807,1.31642,0.0010991,0.0010991,0.0010991
93,7463.06,0.84152,1.41275,0.44194,0.54059,1.14543,0.9596,0.91391,0.97108,0.71946,0.9596,0.91391,0.93735,0.65021,0.94572,1.76478,0.35827,0.70345,1.28642,0.0010892,0.0010892,0.0010892
94,7525.96,0.77439,1.74305,0.44082,0.54037,1.08672,0.95981,0.92308,0.96392,0.72228,0.95981,0.92308,0.92424,0.66888,0.9224,1.74362,0.35702,0.71674,1.24289,0.0010793,0.0010793,0.0010793
95,7588.6,0.78648,1.54772,0.42473,0.51542,1.11478,0.95877,0.92308,0.941,0.71307,0.95877,0.92308,0.941,0.66686,0.95246,1.96893,0.35955,0.84086,1.2541,0.0010694,0.0010694,0.0010694
96,7651.67,0.78644,1.76401,0.50209,0.53731,1.09909,0.95962,0.9143,0.94058,0.71611,0.95309,0.88462,0.90843,0.65736,0.99896,2.0693,0.36666,0.95129,1.2777,0.0010595,0.0010595,0.0010595
97,7713.79,0.75265,1.46544,0.45386,0.51217,1.08413,0.95115,0.88462,0.96333,0.72453,0.95115,0.88462,0.96333,0.66563,0.99742,1.74769,0.37341,0.84103,1.3108,0.0010496,0.0010496,0.0010496
98,7777.65,0.82871,1.72636,0.41447,0.51496,1.09457,0.91662,0.88462,0.95482,0.71386,0.91662,0.88462,0.95482,0.67318,1.04887,1.60461,0.37512,0.75325,1.33393,0.0010397,0.0010397,0.0010397
99,7839.99,0.80029,1.67324,0.46033,0.53705,1.0901,0.91885,0.88462,0.9462,0.71459,0.91885,0.88462,0.94252,0.66718,1.03071,1.61456,0.36382,0.75078,1.29589,0.0010298,0.0010298,0.0010298
100,7904.7,0.85481,1.60874,0.39995,0.55432,1.13897,0.95353,0.88462,0.95826,0.73289,0.95353,0.88462,0.95826,0.66207,1.0084,1.57467,0.35223,0.71307,1.28099,0.0010199,0.0010199,0.0010199
101,7966.95,0.74201,1.48947,0.43994,0.50965,1.06539,0.95981,0.91877,0.96839,0.74754,0.95981,0.91877,0.97277,0.57449,0.95859,1.78244,0.35332,0.66246,1.26849,0.00101,0.00101,0.00101
102,8026.3,0.80529,1.6266,0.43792,0.52344,1.10873,0.95983,0.9192,0.97257,0.76967,0.95983,0.9192,0.95355,0.58336,0.93759,1.76646,0.35603,0.64563,1.24739,0.0010001,0.0010001,0.0010001
103,8084.49,0.74966,1.43109,0.41823,0.50246,1.1166,0.96113,0.95129,0.97997,0.76306,0.95837,0.92308,0.95529,0.64441,0.8986,1.65329,0.34428,0.57063,1.19751,0.0009902,0.0009902,0.0009902
104,8142.34,0.78059,1.56743,0.44862,0.51384,1.05424,0.96122,0.95368,0.97997,0.78661,0.91083,0.88462,0.90712,0.62686,0.89092,1.72983,0.34808,0.54402,1.18778,0.0009803,0.0009803,0.0009803
105,8200.77,0.7909,1.47578,0.46216,0.49698,1.1013,0.92149,0.96154,0.98044,0.76339,0.9169,0.88462,0.95337,0.56537,0.91195,1.84808,0.35587,0.54481,1.22012,0.0009704,0.0009704,0.0009704
106,8259.1,0.77126,1.57697,0.45269,0.5056,1.06233,0.92231,0.96154,0.9808,0.7736,0.95754,0.86772,0.95301,0.61033,0.90485,1.651,0.35183,0.5571,1.21786,0.0009605,0.0009605,0.0009605
107,8316.87,0.82092,1.40831,0.41584,0.49142,1.09208,0.92541,0.95458,0.9757,0.75024,0.88835,0.91822,0.94711,0.67178,0.92221,1.46751,0.34465,0.61854,1.2405,0.0009506,0.0009506,0.0009506
108,8375.83,0.74295,1.68685,0.47083,0.53111,1.07629,0.91137,0.96154,0.97496,0.74097,0.88989,0.96154,0.95314,0.67337,0.95363,1.5436,0.34755,0.63922,1.26935,0.0009407,0.0009407,0.0009407
109,8434.71,0.75593,1.31551,0.43952,0.51427,1.07789,0.9257,0.95846,0.97465,0.73356,0.923,0.92211,0.95889,0.64966,0.91485,1.57941,0.36117,0.63937,1.2217,0.0009308,0.0009308,0.0009308
110,8496.51,0.70023,1.48159,0.43218,0.50995,1.05067,0.95137,0.88462,0.97301,0.72844,0.95137,0.88462,0.95867,0.6455,0.94793,1.62404,0.36217,0.65384,1.24587,0.0009209,0.0009209,0.0009209
111,8557.46,0.69331,1.28449,0.43131,0.46985,1.06306,0.92502,0.94936,0.97472,0.73385,0.92422,0.93846,0.95324,0.64807,1.01206,1.67643,0.36152,0.68513,1.31589,0.000911,0.000911,0.000911
112,8616.09,0.65691,1.45106,0.45323,0.47709,1.03152,0.92688,0.97547,0.97923,0.73554,0.88739,0.90956,0.91824,0.66967,0.98196,1.60341,0.36054,0.66696,1.28388,0.0009011,0.0009011,0.0009011
113,8675.02,0.75453,1.32576,0.41519,0.49,1.09458,0.91563,0.92308,0.97624,0.74366,0.91563,0.92308,0.96323,0.66018,0.91673,1.5913,0.35706,0.62063,1.18752,0.0008912,0.0008912,0.0008912
114,8734.19,0.78124,1.50638,0.46732,0.51217,1.12727,0.88136,0.92308,0.97163,0.73923,0.88136,0.92308,0.96286,0.70659,0.91535,1.46939,0.35006,0.62992,1.19438,0.0008813,0.0008813,0.0008813
115,8792.32,0.69781,1.22157,0.44151,0.48302,1.04979,0.88709,0.92308,0.96698,0.74325,0.88709,0.92308,0.96698,0.74107,0.93045,1.41492,0.34826,0.65487,1.18852,0.0008714,0.0008714,0.0008714
116,8850.76,0.73732,1.31497,0.42015,0.47741,1.05085,0.86545,0.98982,0.97622,0.75236,0.86545,0.98982,0.97622,0.74865,0.90816,1.42314,0.34844,0.61281,1.16931,0.0008615,0.0008615,0.0008615
117,8909.11,0.75026,1.4408,0.42227,0.52958,1.09637,0.88607,1,0.97843,0.7837,0.88607,1,0.97843,0.76998,0.88327,1.35081,0.35447,0.5748,1.14803,0.0008516,0.0008516,0.0008516
118,8970.29,0.70747,1.44948,0.44417,0.51694,1.08134,0.8943,1,0.97737,0.77523,0.8943,1,0.97737,0.78568,0.87459,1.29681,0.35783,0.55107,1.14824,0.0008417,0.0008417,0.0008417
119,9028.44,0.73286,1.40583,0.40323,0.48768,1.09589,0.85833,1,0.97743,0.77297,0.85833,1,0.97743,0.76057,0.88638,1.26438,0.34524,0.59547,1.17591,0.0008318,0.0008318,0.0008318
120,9087.63,0.69925,1.23391,0.44827,0.44933,1.01978,0.89509,0.9848,0.97862,0.76396,0.89509,0.9848,0.97862,0.75552,0.91341,1.31574,0.34144,0.60671,1.19421,0.0008219,0.0008219,0.0008219
121,9148.72,0.66436,1.23043,0.42815,0.47861,1.03591,0.89429,1,0.97737,0.75772,0.85899,0.96154,0.93216,0.66727,0.93756,1.50992,0.34103,0.61087,1.2402,0.000812,0.000812,0.000812
122,9207.72,0.73714,1.45515,0.45244,0.48329,1.08767,0.89412,0.97469,0.97508,0.75524,0.8923,0.95615,0.92957,0.65482,0.91788,1.49918,0.34922,0.60262,1.22739,0.0008021,0.0008021,0.0008021
123,9268.29,0.67005,1.15082,0.43153,0.4514,1.04711,0.89568,0.99091,0.97535,0.76463,0.92061,1,0.97825,0.68635,0.87767,1.42527,0.35107,0.57182,1.16801,0.0007922,0.0007922,0.0007922
124,9327.42,0.71855,1.33423,0.41484,0.47884,1.0669,0.9257,0.95847,0.97504,0.7566,0.92778,1,0.97643,0.71312,0.88436,1.38625,0.34919,0.56913,1.16363,0.0007823,0.0007823,0.0007823
125,9386.65,0.75638,1.22933,0.4479,0.48265,1.06442,0.92559,0.95707,0.97831,0.77677,0.92559,0.95707,0.98004,0.69565,0.87526,1.38851,0.35528,0.61062,1.1697,0.0007724,0.0007724,0.0007724
126,9446.86,0.68218,1.35053,0.42237,0.45653,1.03114,0.92539,0.95425,0.97799,0.78396,0.92539,0.95425,0.97799,0.7023,0.86745,1.46167,0.36672,0.61741,1.16665,0.0007625,0.0007625,0.0007625
127,9506.98,0.70877,1.39224,0.39713,0.48073,1.08491,0.92279,0.9195,0.97467,0.7759,0.92279,0.9195,0.97467,0.69956,0.86409,1.58539,0.38023,0.65336,1.16035,0.0007526,0.0007526,0.0007526
128,9566.99,0.70597,1.28733,0.42202,0.47435,1.05751,0.95341,0.88462,0.97747,0.78104,0.95341,0.88462,0.97747,0.70491,0.86484,1.5835,0.38236,0.68957,1.15645,0.0007427,0.0007427,0.0007427
129,9625.48,0.64912,1.24084,0.39081,0.46064,1.03185,0.95442,0.88462,0.97365,0.76812,0.95442,0.88462,0.97365,0.72854,0.93706,1.65125,0.37206,0.69113,1.20479,0.0007328,0.0007328,0.0007328
130,9683.31,0.71291,1.29421,0.4375,0.48676,1.04734,0.95446,0.88462,0.97336,0.75571,0.95446,0.88462,0.97336,0.70038,0.96986,1.73159,0.38162,0.70468,1.24173,0.0007229,0.0007229,0.0007229
131,9743.96,0.67123,1.12076,0.47369,0.45228,1.00919,0.92533,0.95349,0.97549,0.76972,0.92533,0.95349,0.97549,0.66773,0.92505,1.69803,0.36807,0.66885,1.21273,0.000713,0.000713,0.000713
